{"count":1,"self":433.4559232,"total":441.80496639999996,"children":{"InitializeActuators":{"count":2,"self":0.001999,"total":0.001999,"children":null},"InitializeSensors":{"count":2,"self":0.00098289999999999988,"total":0.00098289999999999988,"children":null},"AgentSendState":{"count":22060,"self":0.4919499,"total":0.6259598,"children":{"CollectObservations":{"count":4335,"self":0.057587599999999996,"total":0.057587599999999996,"children":null},"WriteActionMask":{"count":4335,"self":0.034408299999999996,"total":0.034408299999999996,"children":null},"RequestDecision":{"count":4335,"self":0.042013999999999996,"total":0.042013999999999996,"children":null}}},"DecideAction":{"count":22060,"self":7.3914567999999994,"total":7.3914570999999993,"children":null},"AgentAct":{"count":22060,"self":0.32663949999999997,"total":0.32663949999999997,"children":null}},"gauges":{"FightingAI.CumulativeReward":{"count":55,"max":2,"min":-56.9001465,"runningAverage":-2.536372,"value":2,"weightedAverage":1.63246727}},"metadata":{"timer_format_version":"0.1.0","start_time_seconds":"1650909383","unity_version":"2021.1.18f1","command_line_arguments":"E:\\SuhaibA Files\\CMP400\\Bulids\\CMP400-CourseWork.exe","communication_protocol_version":"1.5.0","com.unity.ml-agents_version":"1.8.0-preview","scene_name":"MenuScene","end_time_seconds":"1650909824"}}